ID,Station_Name,Lat,Lon,DomiRank,Betweenness,Eigenvector,D_nearest_police,D_nearest_fire,D_nearest_hospital,D_police_fire,Population_Density,Average_Ridership,Defense_Posture,Threat_Level,Crime_Index,Attractiveness,D_nearest_police_name,D_nearest_fire_name,D_nearest_hospital_name
1,Airport,42.374328,-71.030238,0.3989490850421705,0.1736073553272038,0.0572761059106778,0.0599183577746997,0.1021835192907976,0.4434147693625814,0.0723027778191048,0.2260763832289229,0.0259004310944235,High,High,0.0211785852680677,0.05347178,Mass State Police Patrol,360 Saratoga St,Shriners Burns Institute
2,Alewife,42.395426,-71.142478,0.1863734117148368,0.0,0.0008826706907517,0.2959772515738481,0.4897257964165518,0.5702181007219626,0.352748911168959,0.2599056920277238,0.0035345107310063,Low,Low,0.0056935617048558,0.09162051,Tufts University Police Department,460 Cambridge St,St. Elizabeth's Hospital
3,Allston Street,42.3487252,-71.13801669,0.4046662711508628,0.2006489994591671,8.706727295707599e-07,0.0792779719895345,0.0921635657757431,0.0641592223468192,0.083053672832632,0.3443461255428207,0.0006489593473323,Medium,Medium,0.0307886464509365,0.06560838,Boston Police District D-14 Brighton/ Allston,460 Cambridge St,Kindred Hospital
4,Andrew,42.330153,-71.057656,0.3253099074177688,0.2785289345592212,0.0486717964626916,0.1265161342333033,0.0915656423660185,0.1509073355424798,0.1162750383397466,0.2278837371829419,0.0225745144393454,Medium,High,0.0568795954376007,0.08116492,Municipal Police, ,Boston City Hospital
5,Aquarium,42.359793,-71.05159,0.3337238222959849,0.227149810708491,0.3854716328705933,0.0717564804432425,0.05018919084821,0.131652639006136,0.0654368932470011,0.3072214387160197,0.0269202243545172,High,High,0.063048693705556,0.06496547,Boston Police District A-1,125 Purchase St,Spaulding Rehabilitation Hospital
6,Arlington,42.35182125,-71.07096127,0.3396694990334094,0.8626284478096269,0.1258888574162576,0.0352585947863304,0.0302849343762006,0.0748429762999735,0.0338012266498378,0.2087268115951994,0.009328790617902,High,High,0.0846275876997461,0.057008173,Emerson College Police Department,200 Columbus Ave,New England Medical Center
7,Ashmont,42.284454,-71.063744,0.1878930553621864,0.0,0.0004145804913004,0.1369969732280925,0.034588618842393,0.0557725503042826,0.1069895621293383,0.1441210008213037,0.0008111991841653,Medium,Medium,0.0391457357895214,0.054697312,Boston Police District C-11 Dorchester,1884 Dorchester Av,Carney Hospital
8,Assembly,42.392737,-71.077276,0.4045297776289885,0.0892374256354785,0.0202821302179156,0.2181730903121312,0.1352587629123796,0.4240655751130823,0.1938777647677879,0.143710027936835,0.0113683771380892,Low,Low,0.0019245936039998,0.073332004,Somerville Police Department,525 Main St,Spaulding Rehabilitation Hospital
9,Babcock Street,42.35184066,-71.12183062,0.4045590161026517,0.3034072471606273,1.9452443934244928e-05,0.0255509384458662,0.099468992480109,0.1757051104363274,0.0472102009965706,0.2448696304475793,0.0009154962221295,High,Medium,0.0218944024787283,0.031936828,Boston University Police Department,460 Cambridge St,Beth Israel Deaconess Medical Center West Cam
10,Back Bay,42.347403,-71.075566,0.3976686007546388,0.2006489994591671,0.047193413173888,0.0498889695050898,0.0653623499223609,0.1112938941877606,0.0544229363875154,0.2418649082478838,0.0120752792842905,High,High,0.087248105289141,0.06021543,Amtrak Police Department,200 Columbus Ave,New England Medical Center
11,Back of the Hill,42.32943019,-71.11100533,0.4658395805830844,0.0302866414277986,4.377093928122995e-06,0.0829379475115244,0.1342099340162341,0.0774582005115476,0.097961522356815,0.1953126813589383,0.0001042970379641,Medium,Medium,0.0251708627591553,0.053765714,Brookline Police Department,560 Huntington Ave,New England Baptist Hospital
12,Beachmont,42.397202,-70.992505,0.3874404929937839,0.0600324499729582,0.0012603509960887,0.0789151990853725,0.1614082498274054,0.6553329784419217,0.1030870833154763,0.1688865850202124,0.0159690353682844,Medium,Low,0.0008995889114567,0.035375938,Revere Police Department,"1 Ashley St
",Shriners Burns Institute
13,Beaconsfield,42.33580371,-71.14058364,0.4036071689472932,0.227149810708491,0.0001196950504787,0.1592624350489926,0.1571848947419873,0.1025300187735456,0.158653679968018,0.1495515574602049,0.0017266954062949,Low,Medium,0.0178566473683064,0.091929786,Boston Police District D-14 Brighton/ Allston,138 Chestnut Hill Ave,Kindred Hospital
14,Blandford Street,42.34922874,-71.10009323,0.237733073481524,0.4413196322336398,0.0051023173911514,0.1112848023803765,0.1235079385889462,0.1207696523744125,0.1148663917470526,0.5287904388237172,0.0009502619014508,Medium,Medium,0.0293430026827622,0.09541558,BERKLEE COLLEGE POLICE DEPARTMENT,941 Boylston St,Beth Israel Deaconess Medical Center East Cam
15,Boston College,42.34020153,-71.16696675,0.1864068017678915,0.0,4.579925148383911e-08,0.0688528314608388,0.1594416956471327,0.2148570879584714,0.095396928423566,0.1184134402221507,3.476567932137394e-05,Medium,Low,0.0055579958875296,0.022496305,Boston College Police Headquarters,138 Chestnut Hill Ave,Kindred Hospital
16,Boston University Central,42.35007803,-71.1071882,0.3915395093687131,0.3975121687398593,0.000773153006114,0.085372556779456,0.1560701351276593,0.1112694822785288,0.1060881645041044,0.2835655636596295,0.0009502619014508,Medium,Medium,0.0206121763480329,0.060067907,Boston University Police Department,560 Huntington Ave,Beth Israel Deaconess Medical Center East Cam
17,Boston University East,42.34972697,-71.10431551,0.4514097669536339,0.4196863169280691,0.0019825963259653,0.1370431443249859,0.1501424330860047,0.1484464575957262,0.140881461475096,0.3981614549780972,0.000938673341677,Medium,Medium,0.0231923684004636,0.0764021,BERKLEE COLLEGE POLICE DEPARTMENT,941 Boylston St,Beth Israel Deaconess Medical Center East Cam
18,Boston University West,42.35082318,-71.11336671,0.4083003579453902,0.3747971876690101,0.0003030882563306,0.069875924338031,0.1768079983812872,0.1453122834427407,0.1012088631857085,0.2012743923555664,0.000938673341677,Medium,Medium,0.0182770857092707,0.054279916,Boston University Police Department,460 Cambridge St,Beth Israel Deaconess Medical Center East Cam
19,Bowdoin,42.361365,-71.062038,0.11141560494952,0.0,0.3306210850929987,0.0246465712463997,0.0331730029623353,0.0518067962755301,0.0271449625469952,0.4421836838330569,0.0022829462754368,High,High,0.0817869759067076,0.07315698,Boston Police District A-1,200 Cambridge St,Shriners Burns Institute
20,Boylston,42.3529858,-71.0645968,0.3528835149499497,0.8615467820443482,0.3173463237296844,0.0533847811270144,0.0766774252463118,0.0397740874670832,0.0602099269059641,0.98824429625512,0.0091665507810689,High,High,0.1100121659741102,0.16893,Emerson College Police Department,200 Columbus Ave,New England Medical Center
21,Braintree,42.207267,-71.001234,0.1859937610159527,0.0,0.0001599202913872,1.0,1.0,1.0,1.0,0.0373580954029886,0.0002897139943447,Low,Low,5.146642629301146e-10,0.11204759,Boston Police District C-11 Dorchester,1884 Dorchester Av,Carney Hospital
22,Brandon Hall,42.34002244,-71.12883419,0.4044534406107756,0.1736073553272038,1.939020114904948e-05,0.0992290159693365,0.2156525587560161,0.1467195118878123,0.1333431185826399,0.2782170756996244,0.0003244796736661,Medium,Medium,0.0203337338650053,0.061476525,Brookline Police Department,460 Cambridge St,Kindred Hospital
23,Brigham Circle,42.3343322,-71.10436652,0.4051587833043159,0.1460248783126013,0.0001918808230491,0.035127410241189,0.0578204820217541,0.0776975947182078,0.0417768710014729,0.4874515440796692,0.0005562508691419,High,Medium,0.0368423918260666,0.055270188,Harvard University Police,560 Huntington Ave,Brigham And Women's Hospital
24,Broadway,42.342573,-71.056946,0.4497820757913516,0.3034072471606273,0.1229891534883164,0.0814487464180756,0.0614641014817739,0.1398912646313959,0.075592901356767,0.1427190708083938,0.0213808927826449,Medium,High,0.0626593620343062,0.073300995,Boston Police District C-6 South Boston,270 D St,New England Medical Center
25,Brookline Hills,42.33128544,-71.12645639,0.4083025460997703,0.2531097890751758,0.0003030638920615,0.0526951461718297,0.2175600026372287,0.1558629531165345,0.1010033877539751,0.1360934862919949,0.0017266954062949,Medium,Low,0.0178127070412285,0.024865218,Brookline Police Department,560 Huntington Ave,Brigham And Women's Hospital
26,Brookline Village,42.33258766,-71.11690393,0.3915389061477758,0.2785289345592212,0.0007731366841515,0.0477680305462114,0.1712781541217687,0.080856968261368,0.0839586233471755,0.2138606034168486,0.0018889352431279,Medium,Medium,0.0214565410687762,0.053770877,Brookline Police Department,560 Huntington Ave,Brigham And Women's Hospital
27,Central,42.365325,-71.103591,0.3974545874284002,0.1179015684153596,0.0469473331710717,0.1428878188920402,0.2036993953319535,0.2592607758892235,0.1607066578406975,0.2187868007585173,0.0118319195290409,Low,Medium,0.0472772337552295,0.10649176,Somerville Police Department,941 Boylston St,Shriners Burns Institute
28,Charles/MGH,42.361137,-71.070525,0.3305023386225204,0.1736073553272038,0.3159693209279718,0.0513217392578912,0.0440129224207637,0.0396638401350687,0.0491801300816402,0.654837815894458,0.0157256756130348,High,High,0.0519671898465367,0.09979279,Massachusetts State Police Dept,200 Cambridge St,Shriners Burns Institute
29,Chestnut Hill,42.32675787,-71.16461742,0.4044534406107756,0.1736073553272038,1.939020114904947e-05,0.2020000146574911,0.2824615953566586,0.3426920193531316,0.2255766431872496,0.0837260568217083,0.001552867009688,Low,Low,0.0025156382140025,0.064435974,Boston College Police Headquarters,138 Chestnut Hill Ave,Kindred Hospital
30,Chestnut Hill Avenue,42.33835138,-71.15288409,0.3874748292757598,0.0600324499729582,1.383419523148579e-07,0.1509640964756062,0.0648439980690635,0.0978886060957324,0.1257294248294113,0.3122438838676106,0.0001390627172854,Medium,Medium,0.0168194972212871,0.063136324,Boston College Police Headquarters,138 Chestnut Hill Ave,Kindred Hospital
31,Chinatown,42.352638,-71.062396,0.3155043381816487,0.2531097890751758,0.3176083894433045,0.0899625501102976,0.1021600267360429,0.0545653420187231,0.0935366207774003,1.0,0.0126315301534325,Medium,High,0.1197672423198252,0.1942656,Emerson College Police Department,125 Purchase St,New England Medical Center
32,Chiswick Road,42.34059152,-71.15099675,0.4094493400686066,0.0892374256354785,1.890531127213602e-07,0.1332321966449003,0.053166682707282,0.0745594831605075,0.1097716224957404,0.3205903123295832,0.0002665368747972,Medium,Medium,0.0204412412477133,0.063461065,Boston Police District D-14 Brighton/ Allston,138 Chestnut Hill Ave,Kindred Hospital
33,Cleveland Circle,42.33623061,-71.14899951,0.186406766284307,0.0,1.3925708918008674e-07,0.1768309038541873,0.091591408393814,0.144352344173271,0.1518542640334131,0.2989448133038248,6.953135864274787e-05,Low,Low,0.0150491982404981,0.09071252,Boston College Police Headquarters,138 Chestnut Hill Ave,Kindred Hospital
34,Community College,42.37368,-71.069684,0.3423940942446608,0.1460248783126013,0.1365680615192651,0.198431648454734,0.1379717740743744,0.3578061410913856,0.1807158642651207,0.1671185279228985,0.0166643489547119,Low,Medium,0.0201443463362202,0.094671115,Somerville Police Department,525 Main St,Massachusetts Eye & Ear Infirmary
35,Coolidge Corner,42.34216468,-71.12130073,0.4036071689472932,0.227149810708491,0.0001196950504787,0.1069469178960637,0.1878153970203862,0.1001927753348368,0.1306427746703566,0.3123913411636831,0.0005678394289157,Medium,Medium,0.0226706786871312,0.06425415,Boston University Police Department,460 Cambridge St,Beth Israel Deaconess Medical Center West Cam
36,Copley,42.35007244,-71.07740165,0.7064200934455468,1.0,0.0577335806357138,0.0565698539381014,0.0722706766689376,0.1184725704637947,0.061170465334496,0.1456405492510104,0.0071269642608816,High,High,0.0813070255316947,0.052569512,Amtrak Police Department,200 Columbus Ave,New England Medical Center
37,Davis,42.396748,-71.121816,0.4659671204137925,0.0302866414277986,0.0026300097267617,0.1260610191353545,0.4379012206276755,0.5291840437461414,0.2174355674271404,0.1615542678809958,0.005550920131646,Low,Low,0.0032315354829505,0.06726422,Tufts University Police Department,525 Main St,Massachusetts Eye & Ear Infirmary
38,Dean Road,42.33772891,-71.14196716,0.3874744034727453,0.0600324499729582,7.237704082441589e-07,0.1342010568051067,0.1312703333745084,0.0756005329671022,0.1333423043788398,0.2474605676922199,0.0001506512770592,Medium,Medium,0.0198324740140571,0.05819149,Boston Police District D-14 Brighton/ Allston,138 Chestnut Hill Ave,Kindred Hospital
39,Downtown Crossing,42.354933,-71.060171,0.7226030918479457,0.6868577609518658,0.8239436005941382,0.086081979347595,0.0891572765914879,0.0817168974510817,0.0869830943904245,0.7342165539078621,0.0464701246929031,Medium,High,0.1174145420507182,0.16856071,Boston Police District A-1,125 Purchase St,New England Medical Center
40,Eliot,42.31900258,-71.21660769,0.4094508776906034,0.0892374256354785,1.5471826524199775e-06,0.3279752874700437,0.5344874492920784,0.626117435458062,0.3884869066036443,0.0498557032145794,0.001054558939415,Low,Low,1.1906732061685658e-06,0.066989616,Newton Police Department,"425 Faneuil St, Oak Sq",Kindred Hospital
41,Englewood Avenue,42.33697749,-71.14562033,0.4658388827392551,0.0302866414277986,3.4218792210387456e-07,0.1576552411523719,0.1161002055977453,0.1008030730656318,0.1454789002416039,0.2286683774434196,0.0001390627172854,Medium,Medium,0.0177064135768273,0.057765793,Boston Police District D-14 Brighton/ Allston,138 Chestnut Hill Ave,Kindred Hospital
42,Fairbanks Street,42.33966169,-71.13119299,0.4050363294540589,0.1460248783126013,8.051611021957141e-06,0.1282816290335583,0.1898031702823729,0.0992556730127131,0.1463084998953748,0.2587367261932385,0.0003128911138923,Medium,Medium,0.0200866807923621,0.0601015,Brookline Police Department,138 Chestnut Hill Ave,Kindred Hospital
43,Fenway,42.34535725,-71.10428785,0.2377330379979395,0.3277447268793941,0.0051023127130785,0.102192027790603,0.114342810937224,0.0679092065972003,0.1057524164643555,0.3702920001492586,0.0017962267649376,Medium,Medium,0.0289115964607148,0.070367485,Harvard University Police,560 Huntington Ave,Beth Israel Deaconess Medical Center East Cam
44,Fenwood Road,42.33361684,-71.10591282,0.4032490567842265,0.1179015684153596,7.448770331894712e-05,0.0461425147857441,0.0692098241317038,0.0384267075736767,0.0529016335962989,0.3820002089704934,0.000220182635702,High,Medium,0.034259234226426,0.043924272,Harvard University Police,560 Huntington Ave,Brigham And Women's Hospital
45,Fields Corner,42.299941,-71.061852,0.4080106699611834,0.0600324499729582,0.0032646619043172,0.0856400559916159,0.1201068229199426,0.2448380624188894,0.0957394121492974,0.1577513913947131,0.0079033977657256,Medium,High,0.0817794674504898,0.074334666,Boston Police District C-11 Dorchester,7 Parish St,Carney Hospital
46,Forest Hills,42.30069,-71.113972,0.1864075942346129,0.0,5.08408672069566e-05,0.1109579403293538,0.0860304933360716,0.0728537994380536,0.1036537691603434,0.1317825653834916,0.0017035182867473,Medium,Medium,0.0143330637105299,0.050201528,Boston Police District E-13 Jamaica Plain,746 Centre St,Lemuel Shattuck Hospital
47,Government Center,42.3595251,-71.05939847,0.7543498173074424,0.3061114115738236,0.985148739888654,0.0255502055713123,0.0568459199116073,0.0764053384908085,0.0347203887216193,0.2034155581503901,0.0275691837018495,High,High,0.0935703751994629,0.059948504,Boston Police District A-1,200 Cambridge St,Shriners Burns Institute
48,Green Street,42.310395,-71.107548,0.4658355709380311,0.0302866414277986,0.0001514611157709,0.0328686908661844,0.0696319322929415,0.0863079113485453,0.0436409535925299,0.1102744667178362,0.0027464886663885,High,Medium,0.0264572436189605,0.02368056,Boston Police District E-13 Jamaica Plain,746 Centre St,Arbour Hospital
49,Griggs Street,42.34871462,-71.1346331,0.4046309058449353,0.227149810708491,1.6696947506377875e-06,0.1013169755732911,0.075355779585273,0.0857220255269822,0.0937098981497662,0.5137536495160177,0.0007532563852964,Medium,Medium,0.0310327021170195,0.090960704,Boston Police District D-14 Brighton/ Allston,460 Cambridge St,Kindred Hospital
50,Harvard,42.37337,-71.11896,0.4110878773798973,0.0892374256354785,0.018089714997745,0.2357298331244641,0.2788194915453327,0.3591928950319402,0.2483558449581281,0.3443063202819576,0.0102906410791266,Low,Medium,0.0226976428425268,0.124486744,MIT Police Department,460 Cambridge St,Beth Israel Deaconess Medical Center East Cam
51,Harvard Avenue,42.35023368,-71.13143807,0.4046337800152833,0.2531097890751758,3.555208512351121e-06,0.119139751848676,0.0787023319012979,0.1168353975833784,0.1072908915539013,0.4564952652493091,0.0008923191025819,Medium,Medium,0.030259871176378,0.08336269,Boston University Police Department,460 Cambridge St,Kindred Hospital
52,Hawes Street,42.34480603,-71.11145938,0.451409908887972,0.3034072471606273,0.0019825863934724,0.1081422362934136,0.1613226156762029,0.0943441543714642,0.1237250031106286,0.133584058250243,0.0005098966300468,Medium,Medium,0.0224449060517647,0.051752508,Boston University Police Department,560 Huntington Ave,Beth Israel Deaconess Medical Center West Cam
53,Haymarket,42.36211976,-71.0578155,0.3922911108286355,0.2531097890751758,0.785128284432044,0.017187374037186,0.05714601835299,0.0730175954741895,0.0288959448283662,0.3518078856971972,0.0260626709312566,High,High,0.077769062837675,0.06898494,Boston Police District A-1,382 Hanover St,Spaulding Rehabilitation Hospital
54,Heath Street,42.32827237,-71.11032827,0.1864065888663842,0.0,1.5009825284179875e-06,0.0927408775439908,0.1429999386162279,0.0879907581236534,0.1074676477970495,0.1681386940669856,0.0001158855977379,Medium,Medium,0.0249939606267519,0.05277602,Brookline Police Department,1870 Columbus Ave,New England Baptist Hospital
55,Hynes Convention Center,42.34799493,-71.08734707,0.1714410440775076,0.8274743104380746,0.0238157717864211,0.0187901706864835,0.0278644434121192,0.1553715650081268,0.02144908883563,0.4275378926056541,0.0055045658925508,High,High,0.0583500197329132,0.06894158,BERKLEE COLLEGE POLICE DEPARTMENT,941 Boylston St,Boston City Hospital
56,Jackson Square,42.323115,-71.099783,0.409406913529355,0.0892374256354785,0.0010415588413782,0.1185072811086926,0.0463894595727234,0.0858992087391485,0.0973755176763275,0.2373327627626224,0.0072312612988457,Medium,Medium,0.0402153627766155,0.06099831,Boston Police District E-13 Jamaica Plain,1870 Columbus Ave,Jewish Memorial Hospital
57,JFK/Umass,42.320605,-71.052364,0.6646495747049922,0.2585181179015682,0.0220359735612227,0.1997237062931938,0.0926538781282041,0.1442609963838875,0.1683504031160023,0.1930056784595981,0.0185648727576136,Low,Medium,0.0356797060197364,0.10746909,Municipal Police,641 Columbia Rd,St. Margaret's Hospital For Women
58,Kendall/MIT,42.36224,-71.086225,0.4257937651249518,0.1460248783126013,0.1217975684536021,0.0813329522385653,0.1310073683261251,0.1362649148890597,0.095888411444715,0.088798983208315,0.0133500208594075,Medium,Medium,0.0199179542353423,0.05034794,Police Department-Commissioners Office,200 Cambridge St,Shriners Burns Institute
59,Kenmore,42.34895474,-71.09563663,1.0,0.9932395889670091,0.0131637793259387,0.0642100711621191,0.0748306073128533,0.1239274509556868,0.0673220711183333,0.4715374950980772,0.004496361192231,High,Medium,0.0397593425757964,0.055969317,BERKLEE COLLEGE POLICE DEPARTMENT,941 Boylston St,Beth Israel Deaconess Medical Center East Cam
60,Kent Street,42.34400885,-71.11435736,0.3915389061477758,0.2785289345592212,0.0007731366841515,0.0850112496244017,0.187776747978693,0.068625026774352,0.1151233100552467,0.1589256787501354,0.0005214851898206,Medium,Medium,0.0221550978727267,0.052035388,Boston University Police Department,560 Huntington Ave,Beth Israel Deaconess Medical Center West Cam
61,Lechmere,42.37094828,-71.07707269,0.2038289697375529,0.0,0.0449686881279945,0.0655153207425485,0.1525970261456977,0.1189505713961722,0.0910317597956674,0.3707001618126165,0.0021322949983776,Medium,Medium,0.0170509155309538,0.06694675,Massachusetts State Police Dept,34 Winthrop St,Massachusetts Eye & Ear Infirmary
62,Longwood,42.34170003,-71.1099462,0.451409908887972,0.3034072471606273,0.0019825863934724,0.0871145995939875,0.1638636007114454,0.043776065619212,0.1096033783832296,0.1796593934458749,0.0018194038844852,Medium,Medium,0.0255238369975702,0.053472318,Harvard University Police,560 Huntington Ave,Beth Israel Deaconess Medical Center West Cam
63,Longwood Medical Area,42.33617687,-71.09953719,0.4040140828669676,0.1736073553272038,0.0004954564475946,0.0100242581477328,0.0354047956640322,0.0508035455541975,0.0174611926412852,0.3718946509645677,0.000718490705975,High,Medium,0.0398177479295624,0.04356996,Harvard University Police,560 Huntington Ave,Children's Hospital
64,Malden Center,42.426844,-71.07429,0.4654559912063161,0.0302866414277986,0.0029484055364556,0.2426415730419424,0.4654739016662284,0.6936604634167853,0.3079352820487085,0.2627504053941176,0.0117276224910768,Low,Low,2.0832153627243227e-06,0.08767005,Malden Police Department,525 Main St,Spaulding Rehabilitation Hospital
65,Mass Ave,42.341516,-71.083553,0.4064908843794957,0.1736073553272038,0.0181918429035635,0.0717938570454895,0.0966195729356675,0.1247653306789975,0.0790682192496875,0.363194803538426,0.0101747554813887,Medium,High,0.0774562286266289,0.091836676,BERKLEE COLLEGE POLICE DEPARTMENT,700 Tremont St,Boston City Hospital
66,Maverick,42.369128,-71.039536,0.4245616804467364,0.2006489994591671,0.1485880357291619,0.0315663727839705,0.0119986328848781,0.3244728602567818,0.0258326880768217,0.3126783344637405,0.0336184119037686,High,Medium,0.035780269633054,0.048052803,Boston Police District A-7 East Boston,241 Sumner St,Shriners Burns Institute
67,Mission Park,42.33320176,-71.10945509,0.4094601743897536,0.0892374256354785,2.90121614839878e-05,0.0683515452659968,0.0921756909652939,0.0354949160230322,0.0753324301592634,0.4475004532792966,0.0002085940759282,Medium,Medium,0.0288474571721479,0.07720589,Harvard University Police,560 Huntington Ave,New England Baptist Hospital
68,Museum of Fine Arts,42.33791763,-71.09502125,0.406522772294138,0.2006489994591671,0.0012813115218962,0.0722218557849452,0.075969617306283,0.1241526705053737,0.0733200144395343,0.2704803232617318,0.000776433504844,Medium,High,0.0466564448158461,0.076529905,Boston Police Headquarters,560 Huntington Ave,Children's Hospital
69,Newton Centre,42.32944447,-71.19240201,0.4050363294540589,0.1460248783126013,8.051611021957141e-06,0.2714911798547442,0.3482521160350327,0.4325947812062948,0.2939834558228932,0.0398256855153949,0.0014485699717239,Low,Low,7.772913744232891e-05,0.06397667,Boston College Police Headquarters,"425 Faneuil St, Oak Sq",Kindred Hospital
70,Newton Highlands,42.32238296,-71.20552678,0.4032830027467724,0.1179015684153596,3.45502354544842e-06,0.3200052766967878,0.4665477387658224,0.5555197689215922,0.3629447412464024,0.0510154691448828,0.0012515644555694,Low,Low,7.170460559379951e-06,0.06713278,Newton Police Department,"425 Faneuil St, Oak Sq",Kindred Hospital
71,North Quincy,42.275791,-71.030152,0.3304856731656468,0.1179015684153596,0.0084946187599974,0.2865085123379431,0.190497337384157,0.32903316239747,0.2583755849591688,0.0904390873526544,0.0138019746905854,Low,Low,0.0010960772892326,0.07383771,Boston Police District C-11 Dorchester,301 Neponset Ave,Carney Hospital
72,North Station,42.36528274,-71.06014973,0.6278525771082836,0.2303948080043265,0.3542938952636861,0.0556515621221115,0.0752049725402347,0.0562442513891163,0.0613810480446118,0.4307368533853999,0.0201756825661706,High,High,0.0605098054422451,0.07328157,Suffolk County Sheriffs Department,200 Cambridge St,Spaulding Rehabilitation Hospital
73,Northeastern University,42.34005713,-71.08969498,0.3979915250297006,0.227149810708491,0.0033170060526682,0.0661976269521946,0.0748859284901789,0.1230265727569392,0.0687434488977198,0.7789273085170973,0.000938673341677,High,High,0.0576749526435611,0.11648885,Boston Police Headquarters,560 Huntington Ave,Children's Hospital
74,Oak Grove,42.43668,-71.071099,0.1865058837637963,0.0,0.0009894647583497,0.2328357115112606,0.5622086639026287,0.7941808308238941,0.329347657694807,0.1272969536343035,0.002885551383674,Low,Low,2.704299812051141e-07,0.06919221,Malden Police Department,525 Main St,Spaulding Rehabilitation Hospital
75,Orient Heights,42.386939,-71.004836,0.4028495116222755,0.1179015684153596,0.0085097740569721,0.1940930310958673,0.0484984847302183,0.5380054052691925,0.1514313221685267,0.1262047792659618,0.0208594075928243,Medium,Low,0.0090605754856342,0.03642773,Mass State Police Patrol,"1 Ashley St
",Shriners Burns Institute
76,Packards Corner,42.35174607,-71.12531664,0.4046581690657256,0.2785289345592212,8.131618936891074e-06,0.1105878386796532,0.086977773769729,0.1547880416293925,0.1036696831437089,0.2689056058900348,0.0009270847819033,Medium,Medium,0.0257580411421301,0.06066127,Boston University Police Department,460 Cambridge St,Kindred Hospital
77,Park Street,42.35637257,-71.06245998,0.6684868050210265,0.9534883720930232,0.819688427128158,0.0835249800291684,0.1078437093379873,0.0721600287273048,0.0906507864357496,0.7342165539078621,0.0370833912761322,Medium,High,0.1095175079928286,0.16238725,Emerson College Police Department,200 Columbus Ave,New England Medical Center
78,Pleasant Street,42.35151408,-71.11908597,0.404921421779448,0.3277447268793941,4.784009378697383e-05,0.0180748851219136,0.1082332310523073,0.179567704461552,0.0444928328230126,0.2335485426680626,0.0009270847819033,High,Medium,0.0194557901040811,0.030705184,Boston University Police Department,460 Cambridge St,Beth Israel Deaconess Medical Center West Cam
79,Porter,42.388388,-71.119147,0.387014843741471,0.0600324499729582,0.0069537662173098,0.1913557446371904,0.3770524725156055,0.4400994745927148,0.2457680832258399,0.1691343065931247,0.0062346451582997,Low,Low,0.0104130627634737,0.074918665,Somerville Police Department,460 Cambridge St,Massachusetts Eye & Ear Infirmary
80,Prudential,42.3455969,-71.08135881,0.3200390456633163,0.2785289345592212,0.0222696278488051,0.0642738312483052,0.0660906191197567,0.1427884070205501,0.0648061813760355,0.381875332201381,0.0016687526074259,High,High,0.0784673782398013,0.06822981,BERKLEE COLLEGE POLICE DEPARTMENT,941 Boylston St,New England Medical Center
81,Quincy Adams,42.233391,-71.007153,0.4674306526861185,0.0302866414277986,0.0004762828422664,0.7238191558750889,0.7144176839827003,0.7032417440497941,0.7210643627363793,0.0744909243828706,0.0051453205395633,Low,Low,9.744529507388497e-08,0.098291,Boston Police District C-11 Dorchester,1884 Dorchester Av,Carney Hospital
82,Quincy Center,42.251991,-71.005502,0.3817577377899596,0.0600324499729582,0.001258771844701,0.537437430834964,0.4499695733524709,0.6909129424067937,0.5118078425738434,0.0827247393596496,0.0085639456728317,Low,Low,1.7762588554367515e-06,0.083426744,Boston Police District C-11 Dorchester,301 Neponset Ave,Carney Hospital
83,Reservoir,42.33517767,-71.14825212,0.4049507785317264,0.2006489994591671,4.779302199950325e-05,0.1802688183863568,0.0951456045808966,0.1480456297957589,0.155326251092606,0.2114132028422263,0.0017266954062949,Low,Low,0.0139318626931229,0.08123757,Boston College Police Headquarters,138 Chestnut Hill Ave,Kindred Hospital
84,Revere Beach,42.407864,-70.992528,0.4658482504055744,0.0302866414277986,0.0004766588706697,0.1054437921860915,0.2631734500787001,0.7657133947358474,0.1516612977327903,0.2819794338958232,0.0130371297455152,Medium,Low,0.0001586840405253,0.050389364,Revere Police Department,"1 Ashley St
",Shriners Burns Institute
85,Riverside,42.33743651,-71.25249627,0.186406766284307,0.0,1.3925708918008674e-07,0.2664563316697081,0.6268237990189206,0.7739504453992214,0.3720502043984622,0.0366459005664981,0.0003013025541185,Low,Low,1.1249319640259552e-08,0.06302205,Newton Police Department,"425 Faneuil St, Oak Sq",St. Elizabeth's Hospital
86,Riverway,42.33154314,-71.11190623,0.3874718959661042,0.0600324499729582,1.1330840054220306e-05,0.0648835828771189,0.115540173405367,0.0580578200007559,0.0797268361054382,0.2889912667394064,0.0001390627172854,Medium,Medium,0.0256662371173139,0.05892902,Brookline Police Department,560 Huntington Ave,New England Baptist Hospital
87,Roxbury Crossing,42.331335,-71.095475,0.4034415670582323,0.1179015684153596,0.0027030138776776,0.0519131690228583,0.0789069444749679,0.0975043153955674,0.0598228100082819,0.1599707600299635,0.0067445417883465,High,High,0.0490826585876309,0.04991773,Boston Police Headquarters,560 Huntington Ave,Brigham And Women's Hospital
88,Ruggles,42.336646,-71.089407,0.4044672082415782,0.1460248783126013,0.0070124706821252,0.0507882065826792,0.0935185557080466,0.1423883667015258,0.0633089346061855,0.308013044638287,0.0102095211607101,High,High,0.0617994789118343,0.06142407,Boston Police Headquarters,560 Huntington Ave,Children's Hospital
89,Saint Marys Street,42.34593902,-71.1074133,0.2377330379979395,0.3277447268793941,0.0051023127130785,0.1215369845143606,0.1343463423986807,0.0886955535676036,0.1252903469255775,0.2153255410298456,0.0006489593473323,Medium,Medium,0.024295091172394,0.056689933,Harvard University Police,560 Huntington Ave,Beth Israel Deaconess Medical Center East Cam
90,Saint Paul Street(B),42.35118253,-71.11631147,0.403615306516015,0.3515413737155218,0.0001197295544408,0.028469977793901,0.1339924384286663,0.1409968878753134,0.0593898756422125,0.2335485426680626,0.0005214851898206,High,Medium,0.0183593348482507,0.030313965,Boston University Police Department,460 Cambridge St,Beth Israel Deaconess Medical Center West Cam
91,Saint Paul Street C,42.34320646,-71.11726117,0.4083025460997703,0.2531097890751758,0.0003030638920615,0.0853447075464092,0.2073702964684627,0.0889853465546133,0.121100306133227,0.2187215485691231,0.0009270847819033,Medium,Medium,0.0222469316607465,0.05616799,Boston University Police Department,560 Huntington Ave,Beth Israel Deaconess Medical Center West Cam
92,Savin Hill,42.311253,-71.053332,0.3361653886090621,0.0892374256354785,0.0084915806362424,0.1783743376646219,0.1059074681315916,0.0942228823062481,0.1571402971592207,0.1692491954816478,0.0071964956195244,Low,High,0.0413443950164052,0.12933102,Boston Police District C-11 Dorchester,7 Parish St,St. Margaret's Hospital For Women
93,Science Park,42.36674975,-71.06781746,0.3988176301893013,0.0302866414277986,0.1339938515300993,0.0812156923099473,0.0932313402805617,0.0517319855859488,0.0847364840503767,0.2917587598600099,0.0013790386130811,Medium,Medium,0.035909997993583,0.061583403,Massachusetts State Police Dept,200 Cambridge St,Massachusetts Eye & Ear Infirmary
94,Shawmut,42.293129,-71.065803,0.4601163504371583,0.0302866414277986,0.0012350001683702,0.0703244435649949,0.0861062757707642,0.1592664457520128,0.0749487921323635,0.1401128389991411,0.0039053446437676,Medium,High,0.0677325396700854,0.06949248,Boston Police District C-11 Dorchester,1884 Dorchester Av,Carney Hospital
95,South Station,42.351877,-71.055105,0.3102616740490462,0.3277447268793941,0.3177963109819575,0.1458772141972458,0.144011634119374,0.2265976413370796,0.1453305671129318,0.1389846113987463,0.0227599313957261,Medium,High,0.0783836876627254,0.078295365,Boston Police District A-1,382 Hanover St,Shriners Burns Institute
96,South Street,42.33947194,-71.15725216,0.465838740804917,0.0302866414277986,9.161999225192133e-08,0.1092730617300236,0.0874961256230263,0.1400967971575087,0.1028920444960896,0.2004078680430648,6.953135864274787e-05,Medium,Medium,0.0139301189484301,0.05383523,Boston College Police Headquarters,138 Chestnut Hill Ave,Kindred Hospital
97,State,42.358718,-71.057329,0.6573771312579308,0.3244997295835586,1.0,0.0527706322508776,0.0721964098829388,0.100006929832298,0.0584627195694845,0.1028348788537999,0.0484054141751263,High,High,0.0937367838726516,0.05794219,Boston Police District A-1,125 Purchase St,Shriners Burns Institute
98,Stony Brook,42.317229,-71.104196,0.3874865388586589,0.0600324499729582,0.0004004104775687,0.0796590667575431,0.1109621565255875,0.0747217042347575,0.0888314110351705,0.1959457417175935,0.0037778704862559,Medium,Medium,0.0317445565151767,0.055058233,Boston Police District E-13 Jamaica Plain,1870 Columbus Ave,Arbour Hospital
99,Suffolk Downs,42.390501,-70.997122,0.4095723734840777,0.0892374256354785,0.0032788587453797,0.1411772896833249,0.0951160494313664,0.5864472954754495,0.1276805532085514,0.0880548708009713,0.0142307514022157,Medium,Low,0.0033843500744806,0.029636454,Revere Police Department,"1 Ashley St
",Shriners Burns Institute
100,Sullivan Square,42.384263,-71.076999,0.4208446566872713,0.1179015684153596,0.0526392390502507,0.2121004917588256,0.3051288793975599,0.2493282787556541,0.239359411096754,0.2944397324242254,0.0202568024845872,Low,Low,0.0071942337941183,0.09706439,Massachusetts State Police Dept,200 Cambridge St,Spaulding Rehabilitation Hospital
101,Summit Avenue,42.3410482,-71.12577232,0.4049507785317264,0.2006489994591671,4.779302199950326e-05,0.0941194145798063,0.2103690074092486,0.1362838144316907,0.1281825468605745,0.2727382458253732,0.0003708339127613,Medium,Medium,0.0216792484743833,0.06085573,Brookline Police Department,460 Cambridge St,Kindred Hospital
102,Sutherland Road,42.34157797,-71.14627236,0.4032888220546374,0.1179015684153596,2.5179218677628944e-07,0.1027973821720936,0.0821004162729137,0.0418569745612156,0.0967328148039423,0.3722108859938642,0.0003360682334399,Medium,Medium,0.0237040720587776,0.06823932,Boston Police District D-14 Brighton/ Allston,138 Chestnut Hill Ave,Kindred Hospital
103,Symphony,42.34268955,-71.08485866,0.4283451058207426,0.2531097890751758,0.0085927284504869,0.0348005481901662,0.0676881128430765,0.0983374702332203,0.0444371708904969,0.4275337515245492,0.0012052102164742,High,High,0.0719790714369142,0.07028716,BERKLEE COLLEGE POLICE DEPARTMENT,941 Boylston St,Boston City Hospital
104,Tappan Street,42.33853131,-71.13845491,0.4094508776906034,0.0892374256354785,1.5471826524199775e-06,0.1252196791475203,0.186763536826853,0.0960978744314387,0.1432530891077222,0.227410085443879,0.0002317711954758,Medium,Medium,0.0206476587616563,0.057759278,Brookline Police Department,138 Chestnut Hill Ave,Kindred Hospital
105,Tufts Medical Center,42.349661,-71.063917,0.4296101429211367,0.227149810708491,0.1224296311001603,0.0697146919361812,0.0801277994978655,0.019311395164237,0.072765911744305,0.6330734492791674,0.0123765818384091,High,High,0.1013398420293219,0.10681732,Emerson College Police Department,200 Columbus Ave,New England Medical Center
106,Waban,42.32580887,-71.23056452,0.3874744034727453,0.0600324499729582,7.237704082441589e-07,0.2447434572624204,0.6118082674089304,0.684926512278403,0.352299766745415,0.0304458887314009,0.0008807305428081,Low,Low,2.1335437047638495e-07,0.061110247,Newton Police Department,138 Chestnut Hill Ave,Kindred Hospital
107,Warren Street,42.34839892,-71.14041885,0.4045320485783992,0.1736073553272038,5.162051871437798e-07,0.1134988164075955,0.1211253388422111,0.0439075749366865,0.1157335187941553,0.3412733190353386,0.0006026051082371,Medium,Medium,0.0307053521795082,0.067186005,Boston Police District D-14 Brighton/ Allston,460 Cambridge St,Kindred Hospital
108,Washington Square,42.33951239,-71.13480835,0.4032830027467724,0.1179015684153596,3.45502354544842e-06,0.1118696362743589,0.1669274845460669,0.0754855607494298,0.1280025338022259,0.1937688998501201,0.0002897139943447,Medium,Medium,0.0205693440314634,0.05458781,Brookline Police Department,138 Chestnut Hill Ave,Kindred Hospital
109,Washington Street,42.34404537,-71.14262516,0.4050148618854106,0.1460248783126013,3.457699570392966e-07,0.1060271603309661,0.1153643581568802,0.0404584084065165,0.1087631200615301,0.3804283257787625,0.0005446623093681,Medium,Medium,0.0273159947904794,0.0707123,Boston Police District D-14 Brighton/ Allston,460 Cambridge St,Kindred Hospital
110,Wellington,42.401668,-71.077145,0.388851675151048,0.0600324499729582,0.0077961257859465,0.3105240785934671,0.3355456752101257,0.5586476432270339,0.317855837223192,0.1021687515301429,0.0131877810225745,Low,Low,0.0003565507867597,0.0735556,Everett Police Department,525 Main St,Spaulding Rehabilitation Hospital
111,Wollaston,42.266769,-71.020514,0.4298591903731805,0.0892374256354785,0.0032736821741897,0.3755124625317884,0.2825320730209227,0.4984242506331347,0.3482676074717558,0.1187765384588786,0.0098502758077226,Low,Low,9.557603357999333e-05,0.07932209,Boston Police District C-11 Dorchester,301 Neponset Ave,Carney Hospital
112,Wonderland,42.413643,-70.9916,0.186404353400558,0.0,0.000159967264086,0.1922835638223805,0.3685580194109128,0.8046244030894454,0.2439350143977139,0.122477321055207,0.0135354378157882,Low,Low,4.892721583027688e-05,0.06955272,Revere Police Department,"1 Ashley St
",Shriners Burns Institute
113,Wood Island,42.379609,-71.022898,0.4065814030036641,0.1460248783126013,0.0220779172104468,0.0506035221951058,0.0775337667583381,0.4178003767308831,0.0584945475362156,0.1485654544257386,0.0205001622398368,High,Medium,0.0135414035104794,0.031264618,Mass State Police Patrol,360 Saratoga St,Shriners Burns Institute
114,Woodland,42.3329034,-71.24336702,0.4658388827392551,0.0302866414277986,3.4218792210387456e-07,0.1898548175508798,0.5859323550831447,0.731458761197979,0.3059123556981054,0.0253975413834691,0.0009270847819033,Low,Low,4.116145993734326e-08,0.057909414,Newton Police Department,"425 Faneuil St, Oak Sq",St. Elizabeth's Hospital
